variant	freq
PF3D7_0417200.1:16:A	1
PF3D7_0417200.1:51:I	0.6235362276378084
PF3D7_0417200.1:51:N	0.37646377236219175
PF3D7_0417200.1:59:R	1
PF3D7_0417200.1:108:N	1
PF3D7_0417200.1:164:I	0.6617388859739998
PF3D7_0417200.1:164:L	0.33826111402600045
PF3D7_0523000.1:86:N	1
PF3D7_0523000.1:184:F	0.33826111402600045
PF3D7_0523000.1:184:Y	0.6617388859739998
PF3D7_0523000.1:1034:S	1
PF3D7_0523000.1:1042:N	1
PF3D7_0523000.1:1246:D	1
PF3D7_0709000.1:72:C	1
PF3D7_0709000.1:73:V	1
PF3D7_0709000.1:74:I	0.9421513914112678
PF3D7_0709000.1:74:M	0.057848608588732434
PF3D7_0709000.1:75:D	0.269423531246738
PF3D7_0709000.1:75:E	0.6665269921547989
PF3D7_0709000.1:75:N	0.06404947659846318
PF3D7_0709000.1:76:K	0.057848608588732434
PF3D7_0709000.1:76:T	0.9421513914112678
PF3D7_0709000.1:93:S	0.04
PF3D7_0709000.1:93:T	0.96
PF3D7_0709000.1:97:H	0.9421513914112678
PF3D7_0709000.1:97:L	0.057848608588732434
PF3D7_0709000.1:101:C	1
PF3D7_0709000.1:145:F	0.96
PF3D7_0709000.1:145:I	0.04
PF3D7_0709000.1:271:E	0.9421513914112678
PF3D7_0709000.1:271:Q	0.057848608588732434
PF3D7_0709000.1:326:N	0.6018221734761207
PF3D7_0709000.1:326:S	0.3981778265238797
PF3D7_0709000.1:343:M	1
PF3D7_0709000.1:350:C	1
PF3D7_0709000.1:353:G	1
PF3D7_0709000.1:356:I	0.6018221734761207
PF3D7_0709000.1:356:T	0.3981778265238797
PF3D7_0720700.1:1484:C	0.8427577132996925
PF3D7_0720700.1:1484:F	0.1572422867003077
PF3D7_0810800.1:431:I	1
PF3D7_0810800.1:436:A	0.17457976765162814
PF3D7_0810800.1:436:S	0.825420232348372
PF3D7_0810800.1:437:A	0.4588872330758257
PF3D7_0810800.1:437:G	0.5411127669241744
PF3D7_0810800.1:540:E	0.11146391135377465
PF3D7_0810800.1:540:K	0.7169214522666028
PF3D7_0810800.1:540:N	0.17161463637962257
PF3D7_0810800.1:581:A	0.8020299825649129
PF3D7_0810800.1:581:G	0.19797001743508724
PF3D7_0810800.1:613:A	1
PF3D7_1343700.1:622:R	1
PF3D7_1343700.1:675:A	1
PF3D7_1343700.1:527:P	1
PF3D7_1343700.1:537:N	1
PF3D7_1343700.1:538:G	1
PF3D7_1343700.1:539:R	1
PF3D7_1343700.1:543:I	1
PF3D7_1343700.1:553:P	1
PF3D7_1343700.1:561:R	1
PF3D7_1343700.1:568:V	1
PF3D7_1343700.1:574:P	1
PF3D7_1343700.1:580:C	0.6836399599830765
PF3D7_1343700.1:580:Y	0.31636004001692364
PF3D7_1343700.1:515:R	1
PF3D7_1343700.1:441:P	1
PF3D7_1343700.1:446:F	1
PF3D7_1343700.1:449:G	1
PF3D7_1343700.1:458:N	1
PF3D7_1343700.1:469:C	1
PF3D7_1343700.1:476:M	1
PF3D7_1343700.1:481:A	1
PF3D7_1343700.1:493:H	0.04
PF3D7_1343700.1:493:Y	0.96
PF3D7_1447900.1:484:I	0.6808890681611536
PF3D7_1447900.1:484:T	0.3191109318388461
PF3D7_1460900.1:127:M	0.4588872330758257
PF3D7_1460900.1:127:V	0.5411127669241744
