gene_id	aa_position	ref_aa	aa	total	prev
PF3D7_0417200.1	16	A	A	25	1
PF3D7_0417200.1	51	N	I	25	0.72
PF3D7_0417200.1	51	N	N	25	0.48
PF3D7_0417200.1	59	C	R	25	1
PF3D7_0417200.1	108	S	N	25	1
PF3D7_0417200.1	164	I	I	25	0.72
PF3D7_0417200.1	164	I	L	25	0.4
PF3D7_0523000.1	86	N	N	25	1
PF3D7_0523000.1	184	Y	F	25	0.4
PF3D7_0523000.1	184	Y	Y	25	0.72
PF3D7_0523000.1	1034	S	S	25	1
PF3D7_0523000.1	1042	N	N	25	1
PF3D7_0523000.1	1246	D	D	25	1
PF3D7_0709000.1	72	C	C	25	1
PF3D7_0709000.1	73	V	V	25	1
PF3D7_0709000.1	74	M	I	25	0.96
PF3D7_0709000.1	74	M	M	25	0.08
PF3D7_0709000.1	75	N	D	25	0.32
PF3D7_0709000.1	75	N	E	25	0.72
PF3D7_0709000.1	75	N	N	25	0.08
PF3D7_0709000.1	76	K	K	25	0.08
PF3D7_0709000.1	76	K	T	25	0.96
PF3D7_0709000.1	93	T	S	25	0.04
PF3D7_0709000.1	93	T	T	25	0.96
PF3D7_0709000.1	97	H	H	25	0.96
PF3D7_0709000.1	97	H	L	25	0.08
PF3D7_0709000.1	101	C	C	25	1
PF3D7_0709000.1	145	F	F	25	0.96
PF3D7_0709000.1	145	F	I	25	0.04
PF3D7_0709000.1	271	Q	E	25	0.96
PF3D7_0709000.1	271	Q	Q	25	0.08
PF3D7_0709000.1	326	N	N	25	0.68
PF3D7_0709000.1	326	N	S	25	0.48
PF3D7_0709000.1	343	M	M	25	1
PF3D7_0709000.1	350	C	C	25	1
PF3D7_0709000.1	353	G	G	25	1
PF3D7_0709000.1	356	I	I	25	0.68
PF3D7_0709000.1	356	I	T	25	0.48
PF3D7_0720700.1	1484	C	C	25	0.88
PF3D7_0720700.1	1484	C	F	25	0.2
PF3D7_0810800.1	431	I	I	25	1
PF3D7_0810800.1	436	S	A	25	0.24
PF3D7_0810800.1	436	S	S	25	0.88
PF3D7_0810800.1	437	G	A	25	0.56
PF3D7_0810800.1	437	G	G	25	0.64
PF3D7_0810800.1	540	K	E	25	0.16
PF3D7_0810800.1	540	K	K	25	0.8
PF3D7_0810800.1	540	K	N	25	0.24
PF3D7_0810800.1	581	A	A	25	0.84
PF3D7_0810800.1	581	A	G	25	0.24
PF3D7_0810800.1	613	A	A	25	1
PF3D7_1343700.1	441	P	P	25	1
PF3D7_1343700.1	446	F	F	25	1
PF3D7_1343700.1	449	G	G	25	1
PF3D7_1343700.1	458	N	N	25	1
PF3D7_1343700.1	469	C	C	25	1
PF3D7_1343700.1	476	M	M	25	1
PF3D7_1343700.1	481	A	A	25	1
PF3D7_1343700.1	493	Y	H	25	0.04
PF3D7_1343700.1	493	Y	Y	25	0.96
PF3D7_1343700.1	515	R	R	25	1
PF3D7_1343700.1	527	P	P	25	1
PF3D7_1343700.1	537	N	N	25	1
PF3D7_1343700.1	538	G	G	25	1
PF3D7_1343700.1	539	R	R	25	1
PF3D7_1343700.1	543	I	I	25	1
PF3D7_1343700.1	553	P	P	25	1
PF3D7_1343700.1	561	R	R	25	1
PF3D7_1343700.1	568	V	V	25	1
PF3D7_1343700.1	574	P	P	25	1
PF3D7_1343700.1	580	C	C	25	0.76
PF3D7_1343700.1	580	C	Y	25	0.4
PF3D7_1343700.1	622	R	R	25	1
PF3D7_1343700.1	675	A	A	25	1
PF3D7_1447900.1	484	T	I	25	0.72
PF3D7_1447900.1	484	T	T	25	0.36
PF3D7_1460900.1	127	V	M	25	0.56
PF3D7_1460900.1	127	V	V	25	0.64
